Company Name,Role,Location,URL
Recro,"Python Developer
Python Developer with verification","Noida, Uttar Pradesh, India (On-site)",https://www.linkedin.com/jobs/search/?currentJobId=4035306997&f_AL=true&keywords=flask&origin=JOB_SEARCH_PAGE_JOB_FILTER&refresh=true
Recro,"Python Developer
Python Developer with verification","Noida, Uttar Pradesh, India (On-site)",https://www.linkedin.com/jobs/search/?currentJobId=4006437313&f_AL=true&keywords=flask&origin=JOB_SEARCH_PAGE_JOB_FILTER&refresh=true
Kasplo,"Front-End Developer
Front-End Developer","Chennai, Tamil Nadu, India (On-site)",https://www.linkedin.com/jobs/search/?currentJobId=4020622436&f_AL=true&keywords=flask&origin=JOB_SEARCH_PAGE_JOB_FILTER&refresh=true
Recro,"Python Developer
Python Developer with verification","Noida, Uttar Pradesh, India (On-site)",https://www.linkedin.com/jobs/search/?currentJobId=4038489943&f_AL=true&keywords=flask&origin=JOB_SEARCH_PAGE_JOB_FILTER&refresh=true
Coralogix,"Cloud and Observability Engineer
Cloud and Observability Engineer","Gurugram, Haryana, India (On-site)",https://www.linkedin.com/jobs/search/?currentJobId=4040043095&f_AL=true&keywords=python&origin=JOB_SEARCH_PAGE_JOB_FILTER&refresh=true
